comparison_key,raw_naics_examples,source_row_count,comparison_title,covered_employment_2024,occupation_count,karpathy_score,variant,comparison_level,source_file,karpathy_zscore,karpathy_percentile
1133,113300,1,Logging,33400,11,3.4521,repo_current,naics4,industry_exposure_4digit.csv,-1.4465669152896024,0.053763440860215055
2121,212100,1,Coal mining,18400,32,3.8098,repo_current,naics4,industry_exposure_4digit.csv,-1.1792322699905602,0.12365591397849462
2122,212200,1,Metal ore mining,24100,58,4.1867,repo_current,naics4,industry_exposure_4digit.csv,-0.8975480994196655,0.20430107526881722
2123,212300,1,Nonmetallic mineral mining and quarrying,47700,45,4.5493,repo_current,naics4,industry_exposure_4digit.csv,-0.6265513356918696,0.27956989247311825
2211,221100,1,"Electric power generation, transmission and distribution",295300,120,5.2807,repo_current,naics4,industry_exposure_4digit.csv,-0.07992410736724082,0.4946236559139785
2212,221200,1,Natural gas distribution,61300,83,5.9739,repo_current,naics4,industry_exposure_4digit.csv,0.43815354463526435,0.7043010752688172
2213,221300,1,"Water, sewage and other systems",42700,48,5.0047,repo_current,naics4,industry_exposure_4digit.csv,-0.2861985331501199,0.43010752688172044
2361,236100,1,Residential building construction,712900,86,4.1163,repo_current,naics4,industry_exposure_4digit.csv,-0.9501630254164579,0.1774193548387097
2362,236200,1,Nonresidential building construction,668800,97,4.4136,repo_current,naics4,industry_exposure_4digit.csv,-0.7279695950351182,0.24193548387096775
2371,237100,1,Utility system construction,419800,89,3.5441,repo_current,naics4,industry_exposure_4digit.csv,-1.3778087733619764,0.07526881720430108
2372,237200,1,Land subdivision,27800,47,5.7158,repo_current,naics4,industry_exposure_4digit.csv,0.24525706168395606,0.6612903225806451
2373,237300,1,"Highway, street, and bridge construction",280500,65,3.6403,repo_current,naics4,industry_exposure_4digit.csv,-1.3059116727811326,0.0967741935483871
2379,237900,1,Other heavy and civil engineering construction,101500,64,3.6916,repo_current,naics4,industry_exposure_4digit.csv,-1.2675715349454015,0.11290322580645161
2381,238100,1,"Foundation, structure, and building exterior contractors",642800,78,3.2186,repo_current,naics4,industry_exposure_4digit.csv,-1.6210780689863495,0.04838709677419355
2382,238200,1,Building equipment contractors,1885000,105,3.8725,repo_current,naics4,industry_exposure_4digit.csv,-1.1323721015246673,0.13978494623655913
2383,238300,1,Building finishing contractors,640700,69,3.2068,repo_current,naics4,industry_exposure_4digit.csv,-1.6298970480596755,0.043010752688172046
2389,238900,1,Other specialty trade contractors,566700,80,3.7552,repo_current,naics4,industry_exposure_4digit.csv,-1.2200387324823907,0.11827956989247312
3111,311100,1,Animal food manufacturing,28500,50,5.6246,repo_current,naics4,industry_exposure_4digit.csv,0.17709681664265725,0.6182795698924731
3112,311200,1,Grain and oilseed milling,25000,58,5.168,repo_current,naics4,industry_exposure_4digit.csv,-0.1641528312285831,0.46774193548387094
3113,311300,1,Sugar and confectionery product manufacturing,22100,54,5.2851,repo_current,naics4,industry_exposure_4digit.csv,-0.07663567449244167,0.5053763440860215
3114,311400,1,Fruit and vegetable preserving and specialty food manufacturing,54300,60,4.6538,repo_current,naics4,industry_exposure_4digit.csv,-0.5484510549153806,0.3010752688172043
3115,311500,1,Dairy product manufacturing,52600,60,4.9106,repo_current,naics4,industry_exposure_4digit.csv,-0.35652615440435503,0.4032258064516129
3116,311600,1,Animal slaughtering and processing,136100,72,4.1315,repo_current,naics4,industry_exposure_4digit.csv,-0.9388029845762413,0.1881720430107527
3117,311700,1,Seafood product preparation and packaging,7800,35,4.9359,repo_current,naics4,industry_exposure_4digit.csv,-0.3376176653742574,0.41397849462365593
3118,311800,1,Bakeries and tortilla manufacturing,186800,61,3.5273,repo_current,naics4,industry_exposure_4digit.csv,-1.3903646079748473,0.06989247311827956
3119,311900,1,Other food manufacturing,92500,72,4.7859,repo_current,naics4,industry_exposure_4digit.csv,-0.44972333156060473,0.3333333333333333
3121,312100,1,Beverage manufacturing,157000,76,4.1229,repo_current,naics4,industry_exposure_4digit.csv,-0.9452303761042589,0.1827956989247312
3122,312200,1,Tobacco manufacturing,4500,24,5.0889,repo_current,naics4,industry_exposure_4digit.csv,-0.22326988586418373,0.44623655913978494
3211,321100,1,Sawmills and wood preservation,26200,40,4.5153,repo_current,naics4,industry_exposure_4digit.csv,-0.6519619533607748,0.26344086021505375
3212,321200,1,"Veneer, plywood, and engineered wood product manufacturing",22400,44,5.0893,repo_current,naics4,industry_exposure_4digit.csv,-0.22297093742102017,0.45161290322580644
3219,321900,1,Other wood product manufacturing,75500,66,4.706,repo_current,naics4,industry_exposure_4digit.csv,-0.5094382830825318,0.3172043010752688
3221,322100,1,"Pulp, paper, and paperboard mills",28800,55,4.8924,repo_current,naics4,industry_exposure_4digit.csv,-0.3701283085682979,0.3870967741935484
3222,322200,1,Converted paper product manufacturing,75100,61,5.6698,repo_current,naics4,industry_exposure_4digit.csv,0.21087799072014343,0.6344086021505376
3254,325400,1,Pharmaceutical and medicine manufacturing,183600,100,6.0321,repo_current,naics4,industry_exposure_4digit.csv,0.48165054311556654,0.7258064516129032
3261,326100,1,Plastics product manufacturing,208300,82,5.2175,repo_current,naics4,industry_exposure_4digit.csv,-0.1271579613870885,0.478494623655914
3262,326200,1,Rubber product manufacturing,40000,59,5.31,repo_current,naics4,industry_exposure_4digit.csv,-0.05802613390550829,0.521505376344086
3311,331100,1,Iron and steel mills and ferroalloy manufacturing,30500,53,4.5836,repo_current,naics4,industry_exposure_4digit.csv,-0.6009165066905915,0.2849462365591398
3312,331200,1,Steel product manufacturing from purchased steel,23400,47,4.8462,repo_current,naics4,industry_exposure_4digit.csv,-0.40465685375369337,0.3655913978494624
3313,331300,1,Alumina and aluminum production and processing,22300,51,4.7892,repo_current,naics4,industry_exposure_4digit.csv,-0.4472570069045049,0.3387096774193548
3314,331400,1,Nonferrous metal (except aluminum) production and processing,28200,53,5.0603,repo_current,naics4,industry_exposure_4digit.csv,-0.24464469955038054,0.44086021505376344
3315,331500,1,Foundries,33500,55,4.9224,repo_current,naics4,industry_exposure_4digit.csv,-0.347707175331029,0.40860215053763443
3327,332700,1,"Machine shops; turned product; and screw, nut, and bolt manufacturing",172800,61,4.8194,repo_current,naics4,industry_exposure_4digit.csv,-0.4246863994456538,0.34946236559139787
3328,332800,1,"Coating, engraving, heat treating, and allied activities",50100,54,4.7445,repo_current,naics4,industry_exposure_4digit.csv,-0.4806644954280361,0.3279569892473118
3333,333300,1,Commercial and service industry machinery manufacturing,45900,69,6.2113,repo_current,naics4,industry_exposure_4digit.csv,0.6155794456528557,0.7526881720430108
3335,333500,1,Metalworking machinery manufacturing,74900,55,5.4072,repo_current,naics4,industry_exposure_4digit.csv,0.014618337783244569,0.5376344086021505
3336,333600,1,"Engine, turbine, and power transmission equipment manufacturing",48300,60,5.5942,repo_current,naics4,industry_exposure_4digit.csv,0.1543767349622241,0.6021505376344086
3341,334100,1,Computer and peripheral equipment manufacturing,74400,68,7.2056,repo_current,naics4,industry_exposure_4digit.csv,1.3586905382467547,0.8602150537634409
3342,334200,1,Communications equipment manufacturing,50000,67,7.06,repo_current,naics4,industry_exposure_4digit.csv,1.2498733049352073,0.8440860215053764
3343,334300,1,Audio and video equipment manufacturing,8800,33,7.0682,repo_current,naics4,industry_exposure_4digit.csv,1.2560017480200611,0.8494623655913979
3344,334400,1,Semiconductor and other electronic component manufacturing,242700,84,6.0812,repo_current,naics4,industry_exposure_4digit.csv,0.5183464645138975,0.7365591397849462
3345,334500,1,"Navigational, measuring, electromedical, and control instruments manufacturing",250900,98,6.7298,repo_current,naics4,industry_exposure_4digit.csv,1.0030913651036624,0.8064516129032258
3346,334600,1,Manufacturing and reproducing magnetic and optical media,4900,27,7.551,repo_current,naics4,industry_exposure_4digit.csv,1.616832518918517,0.9193548387096774
3351,335100,1,Electric lighting equipment manufacturing,15000,45,6.4533,repo_current,naics4,industry_exposure_4digit.csv,0.7964432537668289,0.7849462365591398
3352,335200,1,Household appliance manufacturing,17100,43,5.5088,repo_current,naics4,industry_exposure_4digit.csv,0.09055124234679723,0.5645161290322581
3353,335300,1,Electrical equipment manufacturing,64800,62,5.9074,repo_current,naics4,industry_exposure_4digit.csv,0.38845336595931684,0.6881720430107527
3359,335900,1,Other electrical equipment and component manufacturing,67000,65,5.6582,repo_current,naics4,industry_exposure_4digit.csv,0.20220848586839887,0.6236559139784946
3361,336100,1,Motor vehicle manufacturing,89500,80,5.2559,repo_current,naics4,industry_exposure_4digit.csv,-0.09845891084338415,0.489247311827957
3362,336200,1,Motor vehicle body and trailer manufacturing,70400,64,3.9929,repo_current,naics4,industry_exposure_4digit.csv,-1.042388620132426,0.16666666666666666
3363,336300,1,Motor vehicle parts manufacturing,187500,87,5.0912,repo_current,naics4,industry_exposure_4digit.csv,-0.2215509323159931,0.45698924731182794
3364,336400,1,Aerospace product and parts manufacturing,346100,105,5.9642,repo_current,naics4,industry_exposure_4digit.csv,0.4309040448885469,0.6989247311827957
3365,336500,1,Railroad rolling stock manufacturing,12200,35,4.6885,repo_current,naics4,industry_exposure_4digit.csv,-0.522517277470939,0.3118279569892473
3366,336600,1,Ship and boat building,78700,73,4.2516,repo_current,naics4,industry_exposure_4digit.csv,-0.849043714516373,0.21505376344086022
3369,336900,1,Other transportation equipment manufacturing,16900,47,5.1657,repo_current,naics4,industry_exposure_4digit.csv,-0.16587178477677372,0.46236559139784944
3379,337900,1,Other furniture related product manufacturing,5600,23,6.3214,repo_current,naics4,industry_exposure_4digit.csv,0.6978650046336344,0.7688172043010753
3391,339100,1,Medical equipment and supplies manufacturing,180000,92,5.6894,repo_current,naics4,industry_exposure_4digit.csv,0.22552646443515914,0.6559139784946236
3399,339900,1,Other miscellaneous manufacturing,113300,87,6.3698,repo_current,naics4,industry_exposure_4digit.csv,0.7340377662564291,0.7795698924731183
4231,423100,1,Motor vehicle and motor vehicle parts and supplies merchant wholesalers,192600,82,5.5182,repo_current,naics4,industry_exposure_4digit.csv,0.09757653076114188,0.5752688172043011
4234,423400,1,Professional and commercial equipment and supplies merchant wholesalers,494700,114,6.9416,repo_current,naics4,industry_exposure_4digit.csv,1.1613845657587845,0.8387096774193549
4238,423800,1,"Machinery, equipment, and supplies merchant wholesalers",497900,97,5.5696,repo_current,naics4,industry_exposure_4digit.csv,0.13599140570766355,0.5913978494623656
4243,424300,1,"Apparel, piece goods, and notions merchant wholesalers",63600,50,7.305,repo_current,naics4,industry_exposure_4digit.csv,1.4329792263729075,0.8870967741935484
4245,424500,1,Farm product raw material merchant wholesalers,32300,47,5.9938,repo_current,naics4,industry_exposure_4digit.csv,0.45302622968265294,0.7204301075268817
4411,441100,1,Automobile dealers,723100,70,4.8556,repo_current,naics4,industry_exposure_4digit.csv,-0.39763156533934874,0.3763440860215054
4412,441200,1,Other motor vehicle dealers,79400,46,4.9811,repo_current,naics4,industry_exposure_4digit.csv,-0.30383649129677187,0.42473118279569894
4413,441300,1,"Automotive parts, accessories, and tire retailers",242000,48,4.5438,repo_current,naics4,industry_exposure_4digit.csv,-0.6306618767853687,0.27419354838709675
4441,444100,1,Building material and supplies dealers,332500,66,6.7435,repo_current,naics4,industry_exposure_4digit.csv,1.0133303492820154,0.8172043010752689
4442,444200,1,Lawn and garden equipment and supplies retailers,55400,42,5.5108,repo_current,naics4,industry_exposure_4digit.csv,0.09204598456261504,0.5698924731182796
4453,445300,1,"Beer, wine, and liquor retailers",89900,24,6.7775,repo_current,naics4,industry_exposure_4digit.csv,1.0387409669509204,0.8225806451612904
4491,449100,1,Furniture and home furnishings retailers,119700,60,6.7419,repo_current,naics4,industry_exposure_4digit.csv,1.012134555509361,0.8118279569892473
4492,449200,1,Electronics and appliance retailers,50000,45,7.542,repo_current,naics4,industry_exposure_4digit.csv,1.6101061789473359,0.9139784946236559
4561,456100,1,Health and personal care retailers,690800,80,5.7963,repo_current,naics4,industry_exposure_4digit.csv,0.30542043587062884,0.6720430107526881
4571,457100,1,Gasoline stations,731900,28,6.3533,repo_current,naics4,industry_exposure_4digit.csv,0.7217061429759312,0.7741935483870968
4572,457200,1,Fuel dealers,48700,32,5.6715,repo_current,naics4,industry_exposure_4digit.csv,0.21214852160358838,0.6397849462365591
4581,458100,1,Clothing and clothing accessories retailers,124200,48,7.2101,repo_current,naics4,industry_exposure_4digit.csv,1.3620537082323454,0.8655913978494624
4582,458200,1,Shoe retailers,11800,19,7.2119,repo_current,naics4,industry_exposure_4digit.csv,1.3633989762265817,0.8709677419354839
4583,458300,1,"Jewelry, luggage, and leather goods retailers",30000,31,6.3033,repo_current,naics4,industry_exposure_4digit.csv,0.6843375875804822,0.7634408602150538
4592,459200,1,Book retailers and news dealers,12500,20,5.232,repo_current,naics4,industry_exposure_4digit.csv,-0.1163210803224083,0.4838709677419355
4593,459300,1,Florists,35000,22,3.92,repo_current,naics4,industry_exposure_4digit.csv,-1.0968719738989907,0.15591397849462366
4599,459900,1,Other miscellaneous retailers,175700,88,5.8099,repo_current,naics4,industry_exposure_4digit.csv,0.31558468293819114,0.6774193548387096
4811,481100,1,Scheduled air transportation,261400,52,4.4805,repo_current,naics4,industry_exposure_4digit.csv,-0.677970467916007,0.25806451612903225
4812,481200,1,Nonscheduled air transportation,36000,35,5.5722,repo_current,naics4,industry_exposure_4digit.csv,0.13793457058822634,0.5967741935483871
4831,483100,1,"Deep sea, coastal, and great lakes water transportation",29700,46,5.8182,repo_current,naics4,industry_exposure_4digit.csv,0.32178786313383584,0.6827956989247311
4832,483200,1,Inland water transportation,22600,22,3.5575,repo_current,naics4,industry_exposure_4digit.csv,-1.3677940005159959,0.08602150537634409
4851,485100,1,Urban transit systems,12800,29,4.8984,repo_current,naics4,industry_exposure_4digit.csv,-0.3656440819208446,0.3924731182795699
4852,485200,1,Interurban and rural bus transportation,3200,12,4.8438,repo_current,naics4,industry_exposure_4digit.csv,-0.4064505444126747,0.3602150537634409
4853,485300,1,Taxi and limousine service,41500,31,6.2506,repo_current,naics4,industry_exposure_4digit.csv,0.6449511301936792,0.7580645161290323
4854,485400,1,School and employee bus transportation,158600,23,4.1526,repo_current,naics4,industry_exposure_4digit.csv,-0.9230334541993621,0.1935483870967742
4855,485500,1,Charter bus industry,8200,17,4.9024,repo_current,naics4,industry_exposure_4digit.csv,-0.3626545974892083,0.3978494623655914
4859,485900,1,Other transit and ground passenger transportation,81100,31,5.2922,repo_current,naics4,industry_exposure_4digit.csv,-0.07132933962628767,0.5161290322580645
4861,486100,1,Pipeline transportation of crude oil,5700,31,5.614,repo_current,naics4,industry_exposure_4digit.csv,0.16917468289882193,0.6129032258064516
4862,486200,1,Pipeline transportation of natural gas,14000,42,4.8714,repo_current,naics4,industry_exposure_4digit.csv,-0.38582310183438645,0.3817204301075269
4869,486900,1,Other pipeline transportation,2700,15,4.8519,repo_current,naics4,industry_exposure_4digit.csv,-0.4003968384386121,0.3709677419354839
4871,487100,1,"Scenic and sightseeing transportation, land",5400,20,4.5185,repo_current,naics4,industry_exposure_4digit.csv,-0.6495703658154656,0.26881720430107525
4872,487200,1,"Scenic and sightseeing transportation, water",11800,20,3.8729,repo_current,naics4,industry_exposure_4digit.csv,-1.1320731530815036,0.14516129032258066
4879,487900,1,"Scenic and sightseeing transportation, other",1200,6,5.6667,repo_current,naics4,industry_exposure_4digit.csv,0.208561140285625,0.6290322580645161
4881,488100,1,Support activities for air transportation,86800,79,5.2857,repo_current,naics4,industry_exposure_4digit.csv,-0.07618725182769599,0.510752688172043
4882,488200,1,Support activities for rail transportation,18600,38,4.4677,repo_current,naics4,industry_exposure_4digit.csv,-0.6875368180972423,0.25268817204301075
4883,488300,1,Support activities for water transportation,45800,39,4.0677,repo_current,naics4,industry_exposure_4digit.csv,-0.986485261260834,0.17204301075268819
4884,488400,1,Support activities for road transportation,75600,37,5.3294,repo_current,naics4,industry_exposure_4digit.csv,-0.043527134412074,0.5268817204301075
4885,488500,1,Freight transportation arrangement,102600,54,7.3567,repo_current,naics4,industry_exposure_4digit.csv,1.471618312651802,0.8978494623655914
4889,488900,1,Other support activities for transportation,14400,33,6.5069,repo_current,naics4,industry_exposure_4digit.csv,0.8365023451507505,0.7956989247311828
4921,492100,1,Couriers and express delivery services,173600,49,5.4389,repo_current,naics4,industry_exposure_4digit.csv,0.03831000190395979,0.543010752688172
4922,492200,1,Local messengers and local delivery,24000,32,6.0333,repo_current,naics4,industry_exposure_4digit.csv,0.48254738844505723,0.7311827956989247
5121,512100,1,Motion picture and video industries,228900,95,6.4688,repo_current,naics4,industry_exposure_4digit.csv,0.8080275059394183,0.7903225806451613
5122,512200,1,Sound recording industries,15500,34,7.2129,repo_current,naics4,industry_exposure_4digit.csv,1.3641463473344908,0.8763440860215054
5131,513100,1,"Newspaper, Periodical, Book, and Directory Publishers",196800,76,8.0396,repo_current,naics4,industry_exposure_4digit.csv,1.9819980422428447,0.9731182795698925
5132,513200,1,Software publishers,476500,75,8.106,repo_current,naics4,industry_exposure_4digit.csv,2.031623483808001,0.9838709677419355
5161,516100,1,Radio and Television Broadcasting Stations,102000,58,7.2853,repo_current,naics4,industry_exposure_4digit.csv,1.4182560155471011,0.8817204301075269
5222,522200,1,Nondepository credit intermediation,330400,76,7.7209,repo_current,naics4,industry_exposure_4digit.csv,1.743810870152253,0.946236559139785
5241,524100,1,Insurance carriers,1248600,116,7.7396,repo_current,naics4,industry_exposure_4digit.csv,1.7577867098701507,0.9516129032258065
5242,524200,1,"Agencies, brokerages, and other insurance related activities",1094700,90,7.7014,repo_current,naics4,industry_exposure_4digit.csv,1.7292371335480272,0.9408602150537635
5251,525100,1,Insurance and employee benefit funds,9100,34,7.9231,repo_current,naics4,industry_exposure_4digit.csv,1.8949293081714484,0.967741935483871
5259,525900,1,Other investment pools and funds,13300,30,7.3684,repo_current,naics4,industry_exposure_4digit.csv,1.4803625546143373,0.9032258064516129
5321,532100,1,Automotive equipment rental and leasing,93500,45,4.6011,repo_current,naics4,industry_exposure_4digit.csv,-0.5878375123021843,0.2903225806451613
5411,541100,1,Legal services,1063000,64,8.3813,repo_current,naics4,industry_exposure_4digit.csv,2.237374749815343,0.9946236559139785
5412,541200,1,"Accounting, tax preparation, bookkeeping, and payroll services",887100,95,7.6687,repo_current,naics4,industry_exposure_4digit.csv,1.7047980983194042,0.9354838709677419
5413,541300,1,"Architectural, engineering, and related services",1450000,172,6.5615,repo_current,naics4,industry_exposure_4digit.csv,0.8773088076425807,0.8010752688172043
5414,541400,1,Specialized design services,105800,70,7.6626,repo_current,naics4,industry_exposure_4digit.csv,1.7002391345611594,0.9301075268817204
5415,541500,1,Computer systems design and related services,1882900,117,8.0894,repo_current,naics4,industry_exposure_4digit.csv,2.0192171234167113,0.978494623655914
5416,541600,1,"Management, scientific, and technical consulting services",1279200,173,7.5362,repo_current,naics4,industry_exposure_4digit.csv,1.605771426521464,0.9086021505376344
5417,541700,1,Scientific research and development services,724400,190,6.877,repo_current,naics4,industry_exposure_4digit.csv,1.113104392187864,0.8279569892473119
5418,541800,1,"Advertising, public relations, and related services",329700,80,7.7962,repo_current,naics4,industry_exposure_4digit.csv,1.8000879145777988,0.9623655913978495
5419,541900,1,"Other professional, scientific, and technical services",720300,130,5.4819,repo_current,naics4,industry_exposure_4digit.csv,0.07044695954404605,0.553763440860215
5611,561100,1,Office administrative services,414300,104,7.7511,repo_current,naics4,industry_exposure_4digit.csv,1.766381477611104,0.956989247311828
5612,561200,1,Facilities support services,128500,107,3.6646,repo_current,naics4,industry_exposure_4digit.csv,-1.287750554858944,0.10215053763440861
5613,561300,1,Employment services,1549300,241,5.6733,repo_current,naics4,industry_exposure_4digit.csv,0.21349378959782472,0.6451612903225806
5614,561400,1,Business support services,437600,75,8.5519,repo_current,naics4,industry_exposure_4digit.csv,2.364876260824615,1.0
5615,561500,1,Travel arrangement and reservation services,118400,64,7.5709,repo_current,naics4,industry_exposure_4digit.csv,1.6317052039659057,0.9247311827956989
5616,561600,1,Investigation and security services,821400,62,4.3302,repo_current,naics4,industry_exposure_4digit.csv,-0.7903003454347272,0.22580645161290322
5617,561700,1,Services to buildings and dwellings,1827500,55,2.6111,repo_current,naics4,industry_exposure_4digit.csv,-2.075106017041055,0.005376344086021506
5619,561900,1,Other support services,122700,90,5.6822,repo_current,naics4,industry_exposure_4digit.csv,0.22014539245821443,0.6505376344086021
5621,562100,1,Waste collection,95300,49,5.3494,repo_current,naics4,industry_exposure_4digit.csv,-0.028579712253894052,0.532258064516129
5622,562200,1,Waste treatment and disposal,56600,62,4.8057,repo_current,naics4,industry_exposure_4digit.csv,-0.4349253836240069,0.34408602150537637
5629,562900,1,Remediation and other waste management services,110400,70,4.2908,repo_current,naics4,industry_exposure_4digit.csv,-0.8197467670863408,0.22043010752688172
6211,621100,1,Offices of physicians,2513300,132,5.9885,repo_current,naics4,industry_exposure_4digit.csv,0.4490651628107353,0.7150537634408602
6212,621200,1,Offices of dentists,978300,33,4.6554,repo_current,naics4,industry_exposure_4digit.csv,-0.5472552611427264,0.3064516129032258
6213,621300,1,Offices of other health practitioners,1086900,103,5.2172,repo_current,naics4,industry_exposure_4digit.csv,-0.1273821727194613,0.4731182795698925
6214,621400,1,Outpatient care centers,929500,138,5.6103,repo_current,naics4,industry_exposure_4digit.csv,0.1664094097995585,0.6075268817204301
6215,621500,1,Medical and diagnostic laboratories,245400,85,5.564,repo_current,naics4,industry_exposure_4digit.csv,0.13180612750337306,0.5860215053763441
6216,621600,1,Home healthcare services,1670600,85,3.1441,repo_current,naics4,industry_exposure_4digit.csv,-1.6767572165255686,0.026881720430107527
6219,621900,1,Other ambulatory healthcare services,297500,106,4.7176,repo_current,naics4,industry_exposure_4digit.csv,-0.5007687782307879,0.3225806451612903
6231,623100,1,Nursing care facilities (skilled nursing facilities),1256300,92,3.4566,repo_current,naics4,industry_exposure_4digit.csv,-1.4432037453040123,0.05913978494623656
6232,623200,1,"Residential intellectual and developmental disability, mental health, and substance abuse facilities",598800,90,3.5449,repo_current,naics4,industry_exposure_4digit.csv,-1.377210876475649,0.08064516129032258
6233,623300,1,Continuing care retirement communities and assisted living facilities for the elderly,772700,84,3.184,repo_current,naics4,industry_exposure_4digit.csv,-1.64693710932,0.03225806451612903
6239,623900,1,Other residential care facilities,137900,72,3.9637,repo_current,naics4,industry_exposure_4digit.csv,-1.0642118564833685,0.16129032258064516
6241,624100,1,Individual and family services,3056100,129,3.0443,repo_current,naics4,industry_exposure_4digit.csv,-1.751344853094885,0.021505376344086023
6242,624200,1,"Community food and housing, and emergency and other relief services",163500,98,5.507,repo_current,naics4,industry_exposure_4digit.csv,0.08920597435256089,0.5591397849462365
6243,624300,1,Vocational rehabilitation services,201100,90,4.463,repo_current,naics4,industry_exposure_4digit.csv,-0.6910494623044142,0.24731182795698925
6244,624400,1,Child daycare services,1026000,69,3.665,repo_current,naics4,industry_exposure_4digit.csv,-1.2874516064157806,0.10752688172043011
7111,711100,1,Performing arts companies,93400,68,5.5225,repo_current,naics4,industry_exposure_4digit.csv,0.1007902265251503,0.5806451612903226
7112,711200,1,Spectator sports,109100,93,4.6205,repo_current,naics4,industry_exposure_4digit.csv,-0.57333851280875,0.2956989247311828
7113,711300,1,"Promoters of performing arts, sports, and similar events",101400,83,5.2811,repo_current,naics4,industry_exposure_4digit.csv,-0.07962515892407726,0.5
7114,711400,1,"Agents and managers for artists, athletes, entertainers, and other public figures",10300,19,8.2427,repo_current,naics4,industry_exposure_4digit.csv,2.133789114259158,0.989247311827957
7115,711500,1,"Independent artists, writers, and performers",24100,33,7.3278,repo_current,naics4,industry_exposure_4digit.csv,1.4500192876332325,0.8924731182795699
7131,713100,1,Amusement parks and arcades,90900,67,4.374,repo_current,naics4,industry_exposure_4digit.csv,-0.7575654909083138,0.23655913978494625
7132,713200,1,Gambling industries (except casino hotels),51800,53,4.8205,repo_current,naics4,industry_exposure_4digit.csv,-0.42386429122695385,0.3548387096774194
7139,713900,1,Other amusement and recreation industries,934700,119,3.8252,repo_current,naics4,industry_exposure_4digit.csv,-1.1677227549287619,0.13440860215053763
7211,721100,1,Traveler accommodation,696300,105,3.8099,repo_current,naics4,industry_exposure_4digit.csv,-1.1791575328797694,0.12903225806451613
7212,721200,1,RV (recreational vehicle) parks and recreational camps,44000,39,4.3591,repo_current,naics4,industry_exposure_4digit.csv,-0.7687013204161576,0.23118279569892472
7213,721300,1,"Rooming and boarding houses, dormitories, and workers' camps",3700,12,3.5676,repo_current,naics4,industry_exposure_4digit.csv,-1.3602455523261152,0.0913978494623656
7223,722300,1,Special food services,553500,62,3.1937,repo_current,naics4,industry_exposure_4digit.csv,-1.6396876095732829,0.03763440860215054
7224,722400,1,Drinking places (alcoholic beverages),322000,27,2.6143,repo_current,naics4,industry_exposure_4digit.csv,-2.072714429495746,0.010752688172043012
8111,811100,1,Automotive repair and maintenance,744300,58,3.9061,repo_current,naics4,industry_exposure_4digit.csv,-1.1072604322989255,0.15053763440860216
8112,811200,1,Electronic and precision equipment repair and maintenance,47500,60,5.9832,repo_current,naics4,industry_exposure_4digit.csv,0.4451040959388176,0.7096774193548387
8113,811300,1,Commercial and industrial machinery and equipment (except automotive and electronic) repair and maintenance,165000,75,4.1539,repo_current,naics4,industry_exposure_4digit.csv,-0.92206187175908,0.1989247311827957
8114,811400,1,Personal and household goods repair and maintenance,35200,43,4.9773,repo_current,naics4,industry_exposure_4digit.csv,-0.306676501506826,0.41935483870967744
8121,812100,1,Personal care services,648200,33,2.8278,repo_current,naics4,industry_exposure_4digit.csv,-1.913150697957179,0.016129032258064516
8122,812200,1,Death care services,57700,27,5.4627,repo_current,naics4,industry_exposure_4digit.csv,0.05609743427219322,0.5483870967741935
8123,812300,1,Drycleaning and laundry services,60100,33,5.7471,repo_current,naics4,industry_exposure_4digit.csv,0.268649777361507,0.6666666666666666
8129,812900,1,Other personal services,256500,58,3.4955,repo_current,naics4,industry_exposure_4digit.csv,-1.4141310092063528,0.06451612903225806
8132,813200,1,Grantmaking and giving services,144100,96,7.0992,repo_current,naics4,industry_exposure_4digit.csv,1.2791702523652395,0.8548387096774194
8133,813300,1,Social advocacy organizations,201400,117,6.1117,repo_current,naics4,industry_exposure_4digit.csv,0.5411412833051215,0.7419354838709677
8134,813400,1,Civic and social organizations,264400,90,4.2061,repo_current,naics4,industry_exposure_4digit.csv,-0.8830490999262313,0.20967741935483872
8139,813900,1,"Business, professional, labor, political, and similar organizations",344500,136,6.8955,repo_current,naics4,industry_exposure_4digit.csv,1.1269307576841805,0.8333333333333334
9991,999100,1,"Federal government, excluding postal service",1313400,193,6.1745,repo_current,naics4,industry_exposure_4digit.csv,0.5880761888818056,0.7473118279569892
9992,999200,1,"State government, excluding education and hospitals",1673600,245,5.9455,repo_current,naics4,industry_exposure_4digit.csv,0.416928205170649,0.6935483870967742
9993,999300,1,"Local government, excluding education and hospitals",3639500,276,5.0533,repo_current,naics4,industry_exposure_4digit.csv,-0.24987629730574315,0.43548387096774194
