comparison_key,raw_naics_examples_left,source_row_count_left,covered_employment_2024,occupation_count,karpathy_score,variant,comparison_level_left,source_file_left,karpathy_zscore,karpathy_percentile,raw_naics_examples_right,raw_title_examples,source_row_count_right,metric_value,metric_name,comparison_level_right,source_file_right,sheet_name,metric_zscore,metric_percentile,comparison_title,left_label,right_label,value_gap,percentile_gap,abs_percentile_gap
6241,624100,1,3056100,129,3.0443,repo_current,naics4,industry_exposure_4digit.csv,-1.751344853094885,0.021505376344086023,6241,Individual and Family Services,1,1.163092,felten_base_aiie,naics4,AIOE_DataAppendix.xlsx,Appendix B,1.1560318349194583,0.8414634146341463,Individual and family services,repo_current,felten_base_aiie,1.8812079999999998,-0.8199580382900603,0.8199580382900603
6216,621600,1,1670600,85,3.1441,repo_current,naics4,industry_exposure_4digit.csv,-1.6767572165255686,0.026881720430107527,6216,Home Health Care Services,1,0.6927072,felten_base_aiie,naics4,AIOE_DataAppendix.xlsx,Appendix B,0.6874879036919592,0.7642276422764228,Home healthcare services,repo_current,felten_base_aiie,2.4513928,-0.7373459218463153,0.7373459218463153
6232,623200,1,598800,90,3.5449,repo_current,naics4,industry_exposure_4digit.csv,-1.377210876475649,0.08064516129032258,6232,"Residential Intellectual and Developmental Disability, Mental Health, and Substance Abuse Facilities",1,0.8572415,felten_base_aiie,naics4,AIOE_DataAppendix.xlsx,Appendix B,0.8513782924625246,0.7886178861788617,"Residential intellectual and developmental disability, mental health, and substance abuse facilities",repo_current,felten_base_aiie,2.6876585000000004,-0.7079727248885391,0.7079727248885391
4889,488900,1,14400,33,6.5069,repo_current,naics4,industry_exposure_4digit.csv,0.8365023451507505,0.7956989247311828,4889,Other Support Activities for Transportation,1,-1.105623,felten_base_aiie,naics4,AIOE_DataAppendix.xlsx,Appendix B,-1.1038044627984847,0.11788617886178862,Other support activities for transportation,repo_current,felten_base_aiie,7.6125229999999995,0.6778127458693941,0.6778127458693941
4922,492200,1,24000,32,6.0333,repo_current,naics4,industry_exposure_4digit.csv,0.48254738844505723,0.7311827956989247,4922,Local Messengers and Local Delivery,1,-1.182829,felten_base_aiie,naics4,AIOE_DataAppendix.xlsx,Appendix B,-1.1807083141864338,0.07723577235772358,Local messengers and local delivery,repo_current,felten_base_aiie,7.216129,0.6539470233412011,0.6539470233412011
6239,623900,1,137900,72,3.9637,repo_current,naics4,industry_exposure_4digit.csv,-1.0642118564833685,0.16129032258064516,6239,Other Residential Care Facilities,1,0.7190148,felten_base_aiie,naics4,AIOE_DataAppendix.xlsx,Appendix B,0.7136925479006168,0.7723577235772358,Other residential care facilities,repo_current,felten_base_aiie,3.2446851999999997,-0.6110674009965906,0.6110674009965906
8123,812300,1,60100,33,5.7471,repo_current,naics4,industry_exposure_4digit.csv,0.268649777361507,0.6666666666666666,8123,Drycleaning and Laundry Services,1,-1.148211,felten_base_aiie,naics4,AIOE_DataAppendix.xlsx,Appendix B,-1.1462257930436728,0.0975609756097561,Drycleaning and laundry services,repo_current,felten_base_aiie,6.8953109999999995,0.5691056910569106,0.5691056910569106
5621,562100,1,95300,49,5.3494,repo_current,naics4,industry_exposure_4digit.csv,-0.028579712253894052,0.532258064516129,5621,Waste Collection,1,-1.332496,felten_base_aiie,naics4,AIOE_DataAppendix.xlsx,Appendix B,-1.3297895866999718,0.052845528455284556,Waste collection,repo_current,felten_base_aiie,6.681896,0.47941253606084444,0.47941253606084444
6244,624400,1,1026000,69,3.665,repo_current,naics4,industry_exposure_4digit.csv,-1.2874516064157806,0.10752688172043011,6244,Child Day Care Services,1,0.0572718,felten_base_aiie,naics4,AIOE_DataAppendix.xlsx,Appendix B,0.05453930425354587,0.573170731707317,Child daycare services,repo_current,felten_base_aiie,3.6077282,-0.4656438499868869,0.4656438499868869
6219,621900,1,297500,106,4.7176,repo_current,naics4,industry_exposure_4digit.csv,-0.5007687782307879,0.3225806451612903,6219,Other Ambulatory Health Care Services,1,0.7869348,felten_base_aiie,naics4,AIOE_DataAppendix.xlsx,Appendix B,0.7813467404021002,0.7804878048780488,Other ambulatory healthcare services,repo_current,felten_base_aiie,3.9306652,-0.4579071597167585,0.4579071597167585
4921,492100,1,173600,49,5.4389,repo_current,naics4,industry_exposure_4digit.csv,0.03831000190395979,0.543010752688172,4921,Couriers and Express Delivery Services,1,-1.150431,felten_base_aiie,naics4,AIOE_DataAppendix.xlsx,Appendix B,-1.1484371049893924,0.08943089430894309,Couriers and express delivery services,repo_current,felten_base_aiie,6.5893310000000005,0.45357985837922893,0.45357985837922893
4871,487100,1,5400,20,4.5185,repo_current,naics4,industry_exposure_4digit.csv,-0.6495703658154656,0.26881720430107525,4871,"Scenic and Sightseeing Transportation, Land",1,0.4042215,felten_base_aiie,naics4,AIOE_DataAppendix.xlsx,Appendix B,0.4001312034309881,0.6910569105691057,"Scenic and sightseeing transportation, land",repo_current,felten_base_aiie,4.1142785,-0.4222397062680304,0.4222397062680304
4245,424500,1,32300,47,5.9938,repo_current,naics4,industry_exposure_4digit.csv,0.45302622968265294,0.7204301075268817,4245,Farm Product Raw Material Merchant Wholesalers,1,-0.7109669,felten_base_aiie,naics4,AIOE_DataAppendix.xlsx,Appendix B,-0.7106928644285694,0.3048780487804878,Farm product raw material merchant wholesalers,repo_current,felten_base_aiie,6.7047669,0.41555205874639395,0.41555205874639395
6243,624300,1,201100,90,4.463,repo_current,naics4,industry_exposure_4digit.csv,-0.6910494623044142,0.24731182795698925,6243,Vocational Rehabilitation Services,1,0.2863293,felten_base_aiie,naics4,AIOE_DataAppendix.xlsx,Appendix B,0.2827003790313508,0.6544715447154471,Vocational rehabilitation services,repo_current,felten_base_aiie,4.1766707,-0.40715971675845786,0.40715971675845786
3379,337900,1,5600,23,6.3214,repo_current,naics4,industry_exposure_4digit.csv,0.6978650046336344,0.7688172043010753,3379,Other Furniture Related Product Manufacturing,1,-0.5724769,felten_base_aiie,naics4,AIOE_DataAppendix.xlsx,Appendix B,-0.5727448503012075,0.3617886178861789,Other furniture related product manufacturing,repo_current,felten_base_aiie,6.8938768999999995,0.40702858641489637,0.40702858641489637
6231,623100,1,1256300,92,3.4566,repo_current,naics4,industry_exposure_4digit.csv,-1.4432037453040123,0.05913978494623656,6231,Nursing Care Facilities (Skilled Nursing Facilities),1,-0.2430007,felten_base_aiie,naics4,AIOE_DataAppendix.xlsx,Appendix B,-0.24455806791815085,0.45528455284552843,Nursing care facilities (skilled nursing facilities),repo_current,felten_base_aiie,3.6996007,-0.39614476789929187,0.39614476789929187
3222,322200,1,75100,61,5.6698,repo_current,naics4,industry_exposure_4digit.csv,0.21087799072014343,0.6344086021505376,3222,Converted Paper Product Manufacturing,1,-0.8241846,felten_base_aiie,naics4,AIOE_DataAppendix.xlsx,Appendix B,-0.8234674826614197,0.23983739837398374,Converted paper product manufacturing,repo_current,felten_base_aiie,6.4939846,0.39457120377655386,0.39457120377655386
6212,621200,1,978300,33,4.6554,repo_current,naics4,industry_exposure_4digit.csv,-0.5472552611427264,0.3064516129032258,6212,Offices of Dentists,1,0.4154884,felten_base_aiie,naics4,AIOE_DataAppendix.xlsx,Appendix B,0.4113540099901012,0.6951219512195121,Offices of dentists,repo_current,felten_base_aiie,4.2399116,-0.38867033831628633,0.38867033831628633
4854,485400,1,158600,23,4.1526,repo_current,naics4,industry_exposure_4digit.csv,-0.9230334541993621,0.1935483870967742,4854,School and Employee Bus Transportation,1,0.076602,felten_base_aiie,naics4,AIOE_DataAppendix.xlsx,Appendix B,0.07379385478199364,0.5772357723577236,School and employee bus transportation,repo_current,felten_base_aiie,4.075997999999999,-0.3836873852609494,0.3836873852609494
3262,326200,1,40000,59,5.31,repo_current,naics4,industry_exposure_4digit.csv,-0.05802613390550829,0.521505376344086,3262,Rubber Product Manufacturing,1,-1.077709,felten_base_aiie,naics4,AIOE_DataAppendix.xlsx,Appendix B,-1.0759997052972126,0.14227642276422764,Rubber product manufacturing,repo_current,felten_base_aiie,6.387708999999999,0.37922895357985836,0.37922895357985836
8121,812100,1,648200,33,2.8278,repo_current,naics4,industry_exposure_4digit.csv,-1.913150697957179,0.016129032258064516,8121,Personal Care Services,1,-0.4751154,felten_base_aiie,naics4,AIOE_DataAppendix.xlsx,Appendix B,-0.4757643782276922,0.3861788617886179,Personal care services,repo_current,felten_base_aiie,3.3029154,-0.3700498295305534,0.3700498295305534
3111,311100,1,28500,50,5.6246,repo_current,naics4,industry_exposure_4digit.csv,0.17709681664265725,0.6182795698924731,3111,Animal Food Manufacturing,1,-0.78914,felten_base_aiie,naics4,AIOE_DataAppendix.xlsx,Appendix B,-0.7885600310339538,0.2601626016260163,Animal food manufacturing,repo_current,felten_base_aiie,6.41374,0.35811696826645684,0.35811696826645684
5613,561300,1,1549300,241,5.6733,repo_current,naics4,industry_exposure_4digit.csv,0.21349378959782472,0.6451612903225806,5613,Employment Services,1,-0.7234654,felten_base_aiie,naics4,AIOE_DataAppendix.xlsx,Appendix B,-0.7231424510743262,0.2967479674796748,Employment services,repo_current,felten_base_aiie,6.3967654000000005,0.3484133228429058,0.3484133228429058
6233,623300,1,772700,84,3.184,repo_current,naics4,industry_exposure_4digit.csv,-1.64693710932,0.03225806451612903,6233,Continuing Care Retirement Communities and Assisted Living Facilities for the Elderly,1,-0.4843864,felten_base_aiie,naics4,AIOE_DataAppendix.xlsx,Appendix B,-0.48499909581722767,0.3780487804878049,Continuing care retirement communities and assisted living facilities for the elderly,repo_current,felten_base_aiie,3.6683864,-0.3457907159716759,0.3457907159716759
3212,321200,1,22400,44,5.0893,repo_current,naics4,industry_exposure_4digit.csv,-0.22297093742102017,0.45161290322580644,3212,"Veneer, Plywood, and Engineered Wood Product Manufacturing",1,-1.13457,felten_base_aiie,naics4,AIOE_DataAppendix.xlsx,Appendix B,-1.13263817761504,0.10975609756097561,"Veneer, plywood, and engineered wood product manufacturing",repo_current,felten_base_aiie,6.22387,0.34185680566483084,0.34185680566483084
3117,311700,1,7800,35,4.9359,repo_current,naics4,industry_exposure_4digit.csv,-0.3376176653742574,0.41397849462365593,3117,Seafood Product Preparation and Packaging,1,-1.258223,felten_base_aiie,naics4,AIOE_DataAppendix.xlsx,Appendix B,-1.2558072569051741,0.07317073170731707,Seafood product preparation and packaging,repo_current,felten_base_aiie,6.194123,0.34080776291633885,0.34080776291633885
4884,488400,1,75600,37,5.3294,repo_current,naics4,industry_exposure_4digit.csv,-0.043527134412074,0.5268817204301075,4884,Support Activities for Road Transportation,1,-0.9504591,felten_base_aiie,naics4,AIOE_DataAppendix.xlsx,Appendix B,-0.9492478026117812,0.1951219512195122,Support activities for road transportation,repo_current,felten_base_aiie,6.2798590999999995,0.3317597692105953,0.3317597692105953
3346,334600,1,4900,27,7.551,repo_current,naics4,industry_exposure_4digit.csv,1.616832518918517,0.9193548387096774,3346,Manufacturing and Reproducing Magnetic and Optical Media,1,0.1490236,felten_base_aiie,naics4,AIOE_DataAppendix.xlsx,Appendix B,0.14593203010097808,0.6016260162601627,Manufacturing and reproducing magnetic and optical media,repo_current,felten_base_aiie,7.401976400000001,0.3177288224495147,0.3177288224495147
6213,621300,1,1086900,103,5.2172,repo_current,naics4,industry_exposure_4digit.csv,-0.1273821727194613,0.4731182795698925,6213,Offices of Other Health Practitioners,1,0.7008373,felten_base_aiie,naics4,AIOE_DataAppendix.xlsx,Appendix B,0.6955861862369579,0.7682926829268293,Offices of other health practitioners,repo_current,felten_base_aiie,4.5163627,-0.2951744033569368,0.2951744033569368
4453,445300,1,89900,24,6.7775,repo_current,naics4,industry_exposure_4digit.csv,1.0387409669509204,0.8225806451612904,4453,"Beer, Wine, and Liquor Stores",1,-0.0185797,felten_base_aiie,naics4,AIOE_DataAppendix.xlsx,Appendix B,-0.021015348021575744,0.540650406504065,"Beer, wine, and liquor retailers",repo_current,felten_base_aiie,6.7960797,0.28193023865722533,0.28193023865722533
